adjudicate,v.,"裁定, 宣判","The judge will adjudicate the dispute between the two corporations."
baleful,adj.,邪恶的，不吉利的,"He gave me a baleful look before storming out of the room."
chastise,v.,谴责,"The manager had to chastise the employee for repeatedly arriving late."
codify,v.,整理,"The new committee aims to codify the various local laws into one clear document."
coin,v.,发明（一个新词）,"Shakespeare is known to have coined many words that we still use today."
compunction,n.,"后悔感, 犯罪感","The thief stole the old woman's purse without the slightest compunction."
conform,v.,"符合, 遵守","All students must conform to the school's strict dress code."
contour,n.,轮廓,"The artist carefully drew the contour of the mountains in the distance."
derivative,adj.,非原创的,"The critic dismissed the novel as highly derivative and lacking originality."
disapprobation,n.,不赞成；非难,"She braved her parents' disapprobation to pursue a career in acting."
disdain,v.,"蔑视, 鄙视","The arrogant aristocrat disdained the commoners who lived outside the castle."
dissipate,v.,使...消散,"The morning fog began to dissipate as the sun rose higher in the sky."
eject,v.,"驱逐, 逐出","The unruly fan was ejected from the stadium by the security guards."
elude,v.,"逃跑, 逃避","The clever fox managed to elude the hunters once again."
entreaty,n.,恳求,"Despite his desperate entreaties, she refused to forgive him."
episodic,adj.,暂时的,"His memories of the childhood accident were highly episodic and fragmented."
finger,v.,指出,"The witness fingered the tall man as the one who robbed the bank."
fleeting,adj.,短暂的,"She caught a fleeting glimpse of a shooting star before it vanished."
glean,v.,慢慢收集,"The researchers were able to glean some valuable insights from the messy data."
illuminate,v.,阐述清楚,"The professor used several excellent examples to illuminate the complex theory."
incipient,adj.,开始的,"We could hear the incipient rumblings of a thunderstorm approaching."
indefatigable,adj.,不知疲倦的,"The indefatigable volunteers worked all night to rescue the flood victims."
indispensable,adj.,不可缺少的,"A good dictionary is an indispensable tool for anyone learning a new language."
like-minded,adj.,"思维相似的, 想法一致的","He joined the book club hoping to meet other like-minded individuals."
malady,n.,疾病,"The doctors were baffled by the strange malady that had struck the remote village."
malign,adj.,"邪恶的, 恶毒的","She felt a malign presence in the dark, abandoned house."
manipulate,v.,操控,"The skilled politician knew exactly how to manipulate the media to his advantage."
misuse,v.,不公平地对待,"The corrupt official misused his power to enrich his own family."
mitigate,v.,减缓,"The government announced new measures to mitigate the effects of the severe drought."
moonshine,n.,"空话, 假话","Don't listen to him; his promises of easy wealth are pure moonshine."
object,v.,反对,"Several residents objected to the construction of a new highway near their homes."
objective,adj.,客观的,"A judge must remain completely objective and put aside personal biases."
obviate,v.,免除,"The new medical treatment obviates the need for invasive surgery."
ominous,adj.,不吉利的,"The dark, ominous clouds gathered on the horizon just before the storm broke."
orator,n.,演讲者,"Martin Luther King Jr. was a masterful orator who could inspire millions."
patent,adj.,明显的,"His explanation was a patent lie, as everyone in the room already knew the truth."
pervasive,adj.,普遍的,"The pervasive influence of smartphones has completely changed how people interact."
pessimistic,adj.,悲观的,"She had a pessimistic view of the future and fully expected the economy to crash."
plead,v.,辩护,"The defendant's lawyer will plead his case in front of the jury tomorrow morning."
prepossessing,adj.,有吸引力的,"He was a remarkably prepossessing young man with a charming smile and good manners."
proclivity,n.,"倾向, 偏好","The child showed an early proclivity for music and learned to play the piano quickly."
progeny,n.,"子孙, 后裔","The billionaire left his entire fortune to his numerous progeny."
prosaic,adj.,普通寻常的,"After traveling the world for a year, his life back in the small town seemed rather prosaic."
rationale,n.,理由,"The CEO carefully explained the rationale behind the sudden decision to merge with their rival."
recipe,n.,"秘诀, 方法","Hard work and perseverance are often cited as the ultimate recipe for success."
reiterate,v.,重复强调,"The teacher had to reiterate the instructions because half the class wasn't listening."
resurgence,n.,复苏,"There has been a recent resurgence of interest in vintage film cameras."
retention,n.,保留,"The company offered higher salaries and better benefits to improve employee retention."
rhetorical,adj.,有说服力的,"The politician's speech was full of rhetorical flair, but it completely lacked substantial policies."
sagacious,adj.,"聪明的, 睿智的","The sagacious old man offered advice that proved to be incredibly valuable over the years."
stale,adj.,不新鲜的,"The bread had been left on the counter for days and was now completely stale."
stilted,adj.,"不自然的, 僵硬的","The dialogue in the movie felt stilted and lacked genuine emotion."
temerity,v. ,鲁莽,"He had the temerity to ask for a promotion after arriving late every day this week."
testing,adj.,费力的,"The final exam proved to be a highly testing experience for all the students."
trammel,v.,"阻碍, 限制自由","The new regulations will trammel the growth of local small businesses."
uprising,n.,"起义, 叛乱","The oppressive government quickly moved to crush the armed uprising."
vacillate ,v.,犹豫不决,"She continued to vacillate between accepting the job offer and staying at her current company."
volatile,adj.,性格多变的,"His volatile temper made everyone in the office feel like they had to walk on eggshells."
wholesome,adj.,有益健康的,"The farm offers wholesome organic produce that is free from harmful pesticides."
wondrous,adj.,奇异的,"The child stared at the wondrous display of lights and colors illuminating the night sky."
abound,v.,"富于, 充满","Rumors abound that the CEO is planning to step down next month."
acquisitive,adj.,贪婪的,"We live in an acquisitive society where people are constantly urged to buy more."
acquittal,n.,宣告无罪,"The lack of concrete evidence led to the swift acquittal of the defendant."
adulterate,v.,掺假,"The unscrupulous merchant tried to adulterate the pure olive oil with cheaper vegetable oil."
ascertain,v.,查明,"The detective conducted several interviews to ascertain the truth about what happened that night."
boorish,adj.,"粗鲁的, 粗野的","His boorish behavior at the dinner table highly offended the other guests."
bulwark,n.,"堡垒, 壁垒","The independent press serves as a vital bulwark against government corruption."
bungle,v.,搞砸,"The contractor managed to bungle the entire renovation project through sheer incompetence."
canard,n.,谣言,"The claim that the company is going bankrupt is nothing but a malicious canard."
clumsy,adj.,笨拙的,"The clumsy waiter accidentally spilled a tray of hot drinks all over the customers."
conceal,v.,隐藏,"She wore large sunglasses to conceal her tired eyes from the paparazzi."
concise,adj.,简洁的,"Please make sure your summary report is clear, accurate, and concise."
concoct,v.,"编造, 捏造","The student tried to concoct an elaborate excuse for why his homework was missing."
contemporary,adj.,"当代的, 现代的","The museum features an impressive collection of contemporary art from local artists."
corporeal,adj.,"肉体的, 有实体存在的","The ghost was described as a restless spirit lacking any corporeal form."
culprit,n.,"罪犯, 罪魁祸首","After investigating the data leak, they found that a simple software bug was the culprit."
detached,adj.,"不受感情影响的, 公正的","A good journalist must try to maintain a detached perspective when reporting the news."
detritus,n.,"碎石, 残余物","The street was littered with the detritus of the parade that had passed through earlier."
dilapidate,v. ,使...破败,"Years of neglect allowed the once grand mansion to dilapidate into a complete ruin."
discriminatory,adj.,"不公平的, 歧视的","The company was sued for its discriminatory hiring practices against older workers."
encroach,v.,侵占,"The expanding suburbs continue to encroach upon the natural habitats of local wildlife."
exacting,adj.,要求高的,"The head chef is known for his exacting standards and demands perfection from his kitchen staff."
exhaustive,adj.,全面的,"The committee published an exhaustive report detailing every single aspect of the incident."
feasible,adj.,可行的,"Building a bridge across that wide river is technically possible, but it is not economically feasible."
fetishize,v.,把…当成神物而崇拜,"Critics argue that the fashion industry tends to fetishize youth and extreme thinness."
figurative,adj.,（形象化）比喻的,"She used the word 'explode' in a figurative sense to describe her sudden burst of anger."
forthcoming,adj.,直白的,"The manager was remarkably forthcoming about the financial difficulties the company was facing."
futile,adj.,无用的,"All attempts to convince him to change his stubborn mind proved completely futile."
guesswork,n. ,猜测,"Without access to the actual sales data, any predictions for next quarter are pure guesswork."
homogeneous,adj.,"同种的, 相似的","The neighborhood has a highly homogeneous population, with most residents sharing similar cultural backgrounds."
humor,n.,幽默,"His dry sense of humor often caught people off guard during serious business meetings."
imperative,adj.,重要的,"It is imperative that we find a viable solution to this problem before Friday's deadline."
irk,v.,使…厌烦,"It always irks her when people constantly interrupt her while she is speaking."
kinfolk,n.,亲戚,"Every summer, she travels down south to spend a few weeks visiting her kinfolk."
layperson,n.,外行,"The manual was written in simple terms so that a complete layperson could easily understand it."
list,n.,倾斜,"The damaged ship took on a dangerous list to the port side as water flooded the hull."
oxymoron,n.,矛盾修饰法,"The phrase 'deafening silence' is a classic literary example of an oxymoron."
pendulum,n.,（局势）摇摆不定,"In politics, the pendulum of public opinion often swings drastically from one extreme to the other."
prospect,n.,前景,"The prospect of spending another entire year in this dull town filled him with absolute dread."
quiver,v.,战栗,"The dog began to quiver with fear as the loud thunder shook the small house."
rampant,adj.,广泛的
redolent,adj.,芬芳的
reproach,v.,"斥责, 批评"
sartorial,adj.,与衣服相关的
scuffle,v. ,扭打
slight,v.,轻视
sober,adj.,严肃认真的
solitary,adj.,单独的
sycophantic,adj.,奉承的
telling,adj.,"有说服力的, 有影响力的"
thrill,v.,使...兴奋
undo,v.,撤销
unidimensional,adj.,肤浅的
usage,n.,对待方式
usher,v.,引领....进入
veneer,n.,虚饰或虚伪的外表
xenophobic,adj. ,"排外的, 仇视外国的"
adjuration,n.,恳求
anneal,v.,加固
ascetic,adj.,生活朴素的
belabor,v.,批评
bootless,adj.,无用的
caricature,n.,讽刺画
chicanery,n.,"欺骗, 诡计"
commensurate,adj.,"相等的, 相似的"
corrosive,adj.,（言语）讽刺的，挖苦的
disengage,v.,使解脱
dismantle,v.,拆开
elate,v. ,"使兴奋, 使高兴"
electorate,n.,选举人
enigmatic,adj.,难懂的
entangle,v.,纠缠
falsify,v.,"篡改, 伪造"
feat,n.,（彰显技艺等的）成就
frivolous,adj.,无关紧要的
gadfly,n.,讨人厌的人
glum,adj.,悲伤的
gregarious,v.,群居的，好交际的
gridlock,n. ,交通堵塞
harrow,v.,"折磨, 使...痛苦"
herald,n.,前兆
impassioned,adj.,充满激情的
impotent,adj.,"无力的, 无效的"
indeterminate,adj.,不确定的
inestimable,adj.,无法估量的
inextricable,adj.,"纠缠不清的, 无法解脱的"
inhale,v.,吸入
jubilant,adj.,喜悦的
laborious,adj.,费力的
makeshift,n.,权宜之计
methodology,n.,方法论
obliterate,v.,"抹去, 使...消失"
passage,n.,(事物从一个状态到另一个状态的)转变
peculiar,adj.,不寻常的
perspicuous,adj. ,"清晰的, 易懂的"
platitude ,n.,陈词滥调
prolific,adj.,多产的
prolix,adj.,冗长的
rancor,n.,憎恨
redundant ,adj.,"重复的, 冗余的, 赘述的"
renounce,v.,"拒绝, 否认"
repudiate,v.,"否认, 拒绝"
repugnant,adj.,令人厌恶的
scribble,v.,草率地写画
seethe,v.,"强压怒火, 生闷气"
shorthand,n.,速记
slinky,adj.,鬼鬼祟祟的
stoic,adj.,不以苦乐为意的，淡泊的
surmount,v.,"克服, 战胜"
synchronous,adj.,同时的
totalitarianism,n.,极权主义
touchstone,n.,检验标准
tranquil,adj.,安静的
truism,n., 真理
unremitting,adj.,"坚持不懈的，不间断的
"
unsparing,adj.,"无情的, 苛求的"
vulnerable,adj.,易受伤害的
aback,adv.,吃惊地
agonize,v.,感到痛苦，挣扎
benign,adj.,无害的
betray,v.,（无意中）显露
boost,v.,"增加, 促进"
censure,v.,指责
chivalrous,adj.,勇敢的
content,adj.,满足的
conviction,n. ,信念
corroborate,v.,"佐证, 提供证据证明"
course,n.,过程
dispense,v.,"分配, 分发"
disreputable,"adj, ",声明狼藉的
dolorous,adj.,悲伤的
emblematic,adj.,"象征的, 代表的"
epitome,n.,典型
erstwhile,adv.,过去地
ethereal,adj.,虚无的
expansionist,n.,扩张主义者
exuberant ,adj.,过量的
flee,v.,"逃脱, 逃跑"
flippant,adj.,"轻率无礼的, 不严肃的"
forbear,v.,"克制, 忍耐"
hail,n.,欢呼，赞美
high-minded,adj.,高尚的
introspect,v. ,自省
lenient,adj.,宽容的
level-headed,adj.,头脑清晰冷静的
malleable,adj.,易适应的，能适应的
notwithstanding,prep.,尽管
obeisance,n.,"尊敬, 敬意"
obsess,v.,沉迷于…
overweening,adj.,傲慢的，自负的
people,v.,充满
periodical,adj.,周期的
pitfall,n.,陷阱
precocious,adj.,早熟的
prodigious,adj., 惊人的
profit-monger,n.,贪婪的人
project,v.,投掷
provisional,adj.,临时的
puerile,adj.,"稚嫩的, 幼稚的"
purposeful,adj.,"有目的的, 故意的"
refractory,adj.,不服管的，难处理的
rile,v.,使...生气
rivalry ,n.,"竞争, 对抗"
rummage ,v.,仔细检查
sequel,n.,后续，后果
snare,n.,陷阱
suffrage,n.,选举权
supplicate,v.,恳求
tumultuous,adj.,混乱的
unearth,v.,揭露
unseemly,adj.,不得体的
unwitting,adj.,不知情的
yield,v.,"投降, 屈服"
accommodate,v.,调解
anachronism,n.,时代错乱
avert,v. ,阻止
brazen,adj.,"厚颜无耻的, 臭不要脸的"
buoyant,adj.,愉悦的
cinch,n. ,容易的事
circumspect,adj.,谨慎的
commence,v.,开始
conciliatory,adj.,"安抚的, 调和的"
contravene,v.,违反
covet,v. ,渴求
debunk,v.,"拆穿, 揭露… 的错误"
decelerate,v.,减缓
decimate,v.,（严重地）破坏
declamatory,adj.,"演说般的, 慷慨激昂的"
deference,n.,（因地位高或年长而）尊敬
deliberate,v.,深思熟虑
deprecate,v.,贬损，诋毁
dismissive,adj.,"轻视的, 无视的"
dispassionate,adj.,客观的
divination,n.,"预言, 占卜"
divulge,v.,泄露
ebb,v.,衰落
expel,v.,驱逐
fulminate,v.,"抨击, 辱骂"
genial,adj.,友好的
grant,v.,承认
gut,n.,内心深处
hagiography,n.,(夸大的）传记
heresy,n. ,与主流观点相悖的观点
hew,v.,遵守
impeccable,adj.,完美无瑕的
individualism,n.,个人主义
intermittent,adj. ,间歇的，断断续续的
jovial,adj.,高兴
marginal,adj.,"边缘的, 不重要的"
millstone,n.,重担
misconception,n.,"误解, 错觉"
morbid,adj.,不健康的
overdue,adj.,"延误的, 拖延的"
presage,v.,"预测, 预言"
pretentious,adj.,炫耀的
progenitor,n.,先驱
row,n.,(多人之间的)争吵
seemly,adj.,好看的
skew,v.,"歪曲, 曲解"
succumb,v.,屈服
surly,adj.,傲慢的，粗暴的
underpin,v. ,"支持, 支撑"
volume,n.,音量
weighty,adj.,重要的
yore,n.,很久以前
abstemious,adj.,生活节制的
ambiguous,adj.,"有歧义的, 模糊不清的"
apathetic,adj.,漠不关心的
boisterous,adj.,吵闹的
brusque,adj.,"唐突的, 无礼的"
calculable,adj.,可计算的
clownish,adj.,"小丑般的, 滑稽的"
convulsion,n.,"骚乱, 动乱"
countenance,v. ,赞同
cunning,adj.,狡猾机智的
deflate,v.,"使...泄气, 使...挫败"
dejected,adj.,沮丧的
delineate,v.,描绘轮廓
dishearten,v.,使...士气低落
embargo,n.,贸易禁令
emergent ,adj.,新兴的
expiation,n.,赎罪
finesse,n.,技巧高超
grudge,v.,不愿给予或承认
hamstring,v.,损坏
hiatus,n.,间歇
impute,v.,"归罪于, 归咎于"
invertebrate,adj.,软弱无力的
inviting,adj.,吸引人的
knotty,adj.,复杂的
loquacious,adj.,话多的
measured,adj.,仔细的，有分寸的
muckrake,v.,揭露丑闻
muddle,v.,使困惑
obsequious,adj.,谄媚的 
overstate,v.,夸大
pedantic,adj.,卖弄知识的，迂腐的
pertain,v.,与...相关
portentous,adj.,不吉利的
predetermine,v.,预先决定
proprietary,adj.,私有的
ramshackle,adj.,摇摇欲坠的
rankle,v.,"使...生气, 愤怒"
rattle,v.,扰乱
sequential,adj.,有序的
slippery,adj.,滑的
spunk,n.,勇气
squander,v.,浪费，挥霍
studied,adj.,深思熟虑的
subservient,adj.,"服服帖帖的, 奉承的"
trepidation,n.,"恐惧, 害怕"
trigger,v.,触发
untiring,adj. ,不知疲倦的
vicissitude,n.,"变迁, 变化"
waffle,v.,犹豫不决
warble,v.,低吟浅唱
whimsy,n.,突发奇想
aberrant,adj.,不正常的
arduous,adj.,困难的
augment,v.,放大
categorical,adj.,"绝对的, 坚定的"
compliant,adj.,"顺从的, 迎合的"
confine,v.,限制
congruent,adj.,相一致的
consort,v.,陪伴
cordial,adj.,热情友好的
counterpart,n.,等价物
diffuse,v.,扩散
disquisition,n.,"演讲, 报告"
eliminate,v.,"移除, 去掉"
elucidate,v.,"阐释, 阐明"
emotive,adj.,引起情绪的
encounter,v.,"遭遇, 遇到"
enervate,v.,使...衰弱
euphemism,n.,委婉语
excavate,v.,"开凿, 挖出"
exculpate,v.,开脱罪责
exotic,adj.,外来的
eyesore,n. ,碍眼的事物
figment,n. ,虚构的事物
flourish,v.,繁荣
gawky,adj.,笨拙的
habitable,adj.,宜居的
hardy,adj.,吃苦耐劳的
hedonism,n.,享乐主义
immortal,adj.,"不朽的, 永存的"
juxtapose,v.,并排放置
lachrymose,adj.,"催泪的, 悲伤的"
madcap,adj.,鲁莽的，行为冲动的
marvel,v.,"震惊, 惊讶"
ministration,n.,帮助
nebulous,adj.,"模糊的, 不清楚的"
oblivious,adj.,"无意识的, 遗忘的"
overextend,v.,"过分扩展, 承担过多义务"
panegyric,n.,"赞文, 赞美"
pathos,n.,"怜悯, 同情"
prefigure,v.,预示
propitious,adj.,"吉祥的, 吉利的"
replete,adj.,充满的
reprehensible,adj.,应受指责的
saturate,v. ,填满
sensuous ,adj.,赏心悦目的
sinister,adj.,邪恶的
supersede,v.,"淘汰, 取代"
tacit,adj.,"不言而喻的, 心照不宣的"
trifling,adj., 不重要的
umbrage,n.,"生气, 不悦"
univocal,adj.,（意思）唯一的
upsurge,n.,增长
voyeur,n. ,好刺探他人隐私者
wrench,v.,猛扭
acquired,adj.,后天习得的
amass,v.,"积聚, 积累"
amenable,adj.,"愿意的, 服从的"
anticipate,v.,期待
approbate,v.,"支持, 赞成"
artifice,n. ,诡计，欺骗
burgeon,v.,"繁荣, 快速增长"
clairvoyant,adj. ,有洞察力的
compassionate,adj.,同情的
compelling,adj.,有趣的
concord,n.,意见一致
cursory,adj.,"草率的, 仓促的"
debilitate,v.,"使…衰弱, 虚弱"
deprive,v.,"使丧失, 剥夺"
despot,n.,独裁者
deter,v.,阻止
disputant,n.,争论者
downplay,v.,轻描淡写
downright,adv.,完全地
dwarf,v.,使...变得矮小或不重要
enchanting,adj.,迷人的
envision,v.,想象
evasive,adj.,"回避的, 闪烁其词的"
exasperate,v.,使...生气
fitful,adj.,"不规律的, 一阵阵的"
foretell,v.,"预言, 预测"
gainsay,v.,否认
gauge,v.,"评估, 判断, 衡量"
gore,n.,"血, 血块"
immerse,v.,"浸润, 浸泡"
inveterate,adj.,根深蒂固的
lucid,adj.,清晰的
machination,n.,诡计
methodical,adj.,有条理的
miserly,adj.,吝啬的
oscillate,v.,犹豫不决
overreach,v.,因野心勃勃而失败
painstaking,adj.,勤奋努力的
parody,n.,拙劣的模仿
penance,n.,忏悔
pertinacious,adj.,坚持的，固执的
potent,adj.,有权势的，有权力的
pressing,adj.,紧急的
rebuff,n.,（粗鲁的）回复
revisionist,n.,修正主义者
skirt,v.,"回避, 避开（话题）"
somnolent,adj.,"无聊的, 令人昏昏欲睡的"
tawdry,adj.,俗气的
untenable,adj.,"（论点）经不起反驳的, 站不住脚的"
upright,adj.,垂直的
urbane,adj.,礼貌的
usurp,v.,篡夺
vacant,adj.,空的
vanquish,v.,"打败, 战胜"
yen,n.,（强烈的）渴望
abolish,v.,"废除, 废止"
akin,adj.,"相似的, 相关的"
amicable,adj.,和善的
appreciable,adj.,"可感知的, 可衡量的"
arbitrary,adj.,"武断的, 任性的"
asunder,adj.,分裂的
autumn,n.,"晚年, 暮年"
beleaguer,v.,困扰，骚扰
bucolic,adj.,乡间生活的
cannibalize,v.,采用...作为主要来源
coalesce,v.,"聚合, 团结"
conspire,v.,"共谋, 协力"
denigrate,v.,"攻击, 贬损"
detract,v.,贬低
disinterested,adj.,客观公正的
draconian,adj.,极其严苛的
droll,adj.,"古怪的, 搞笑的"
egalitarian,adj.,平等的
enormous,adj.,大量的
enterprise,n.,活动
errant,adj.,随意的
explicit,adj.,"明白的, 清楚的"
exterminate,v.,"使灭绝, 消除"
fallow,adj.,休耕的
feckless,adj.,"虚弱的, 无能的"
feeble,adj.,"衰弱的, 虚弱的"
giddy,adj.,轻浮的，轻狂的
grip,v.,吸引
immense,adj.,巨大的
impinge,v.,猛烈撞击
indifferent,adj.,冷漠的
instantiate,v.,"举例, 例证"
mirror,v.,与...相似
muddy,v.,使...模糊
obfuscate,v.,使…困惑
one-of-a-kind,n.,独一无二
patronize,v.,赞助
perennial,adj.,多年生的（植物）
preachy,adj.,"说教的, 好为人师的"
prioritize,v.,使…优先
resent,v.,"憎恨, 生气"
resolve,v.,"决定, 决心要做"
scenario,n.,情形
secular,adj.,世俗的
shed,v.,去除，除去
smother,v.,使...窒息
static,adj.,静态的
sumptuous,adj.,"奢侈的, 华丽的"
tremendous,adj.,巨大的
undermine,v.,削弱
woo,v.,吸引
yardstick,n.,"准绳, 标准"
alarmism,n.,"（毫无根据的）担忧, 危言耸听"
antediluvian,adj.,极为过时的
bemoan,v.,"哀悼, 悲伤"
bighearted,adj.,"慷慨的, 宽大的"
brainchild,n.,"(辛苦劳动的)成果, 结晶"
coddle,v.,溺爱
confront,v.,反抗
conscientious,adj.,本着良心的
crumble,v.,"崩溃, 瓦解"
defame,n.,"贬损, 玷污"
demoralize,v.,使...泄气
enlighten,v.,"启迪, 开导"
entrance,v.,使...着迷
exposé,n.,揭露黑暗的报道
fledgling,n.,无经验的人
furtive,adj.,鬼鬼祟祟的
hazardous,adj.,危险的
heartfelt,adj.,真诚的
heartrending,adj.,令人心痛的
impair,v.,损害
indigenous,adj.,当地的
initiate,v.,"开始, 启动"
lambaste,v.,严厉批评
latent,adj.,"潜藏的, 潜在的"
offish,adj.,冷漠的
omniscient,adj.,无所不知的
orthodox,adj.,主流的
outlandish,adj.,奇异的
outrage,v.,使...生气
pacific,adj.,爱好和平的
prognosis,n. ,诊断
promulgate,v.,宣布，宣传
purport,n.,中心思想
rant,v.,辱骂
realm,n.,领域
reprisal,n.,报复
resume,v. ,恢复
retain,v.,保持
retract,v.,收回，否认
sketchy,adj.,粗略的
standstill,n.,"静止, 停滞"
tenuous,adj.,站不住脚的
timorous,adj.,胆小的
unkempt,adj.,"不整洁的, 邋遢的"
unrivaled,adj.,无法匹敌的
veracious,adj.,真实的
abiding,adj.,长期的
adversarial,adj.,敌对的
affirmative,adj.,积极的
altercate,v. ,争吵
animadversion,n.,"批判, 责骂"
balk,v.,（突然地)拒绝
clutch,v.,抓住
decipher,v.,"解释, 破译"
decode,v.,"破译, 解码"
demonstrative,adj.,显露情感的
deviate,v.,"脱离, 偏离"
dexterity,n.,灵巧，敏婕
dissemble,v.,隐藏伪装（感情、意见）
entail,v.,"包括, 包含, 使...必然, 牵涉"
espouse,v.,支持
esteem,n.,尊敬
facile,adj.,轻率的，肤浅的
fickle,adj.,多变的
gambit,n.,"计谋, 策略"
honorific,adj.,尊敬的
hurtle,v.,"猛冲, 猛烈碰撞"
impunity,v.,"免于处罚, 免罪"
inevitable,adj.,"不可避免的, 必然的"
inscrutable,adj.,难以理解的
insufferable,adj.,无法忍受的
invalidate,v.,"削弱, 使...无效"
invigorate,v.,使...有活力
involved,adj.,复杂的
multitudinous,adj.,很多的
obstruct,v.,"阻碍, 妨碍"
pertinent,adj.,相关的
precursor,n. ,先驱
predate,v.,先于
premise,n.,前提
proffer,v.,提供
reckless,adj.,"粗心的, 鲁莽的"
remonstrate,v.,"反对, 抗议"
scrutinize,v.,仔细检查
secretive,adj.,"鬼鬼祟祟的, 秘密的"
self-serving,adj.,自私的
strenuous,adj.,费力的
superficial,adj.,表面的
teetotalism,n.,禁酒主义
tender,v.,提供
tribulation,n.,痛苦(的经历）
trite,adj.,陈词滥调的
tyro,n.,新手
unyielding,adj.,"不妥协的, 固执的"
villainous,adj.,"极坏的, 恶劣的"
virtuosity,n.,精湛的技艺
wane,v.,减少，衰退
wastrel,n.,浪费的人
acme,n. ,最高点
autocrat,n.,独裁者
belittle,v.,"轻视, 贬低"
bombastic,adj.,夸大的，言过其实的
circumvent,v.,"绕过, 回避"
collegiality,n.,共同掌权
comprehensive,adj.,全面的
consummate,adj.,"完满的, 圆满的"
cynic,n.,认为人性自私的人
daunting,adj.,"令人畏惧的, 望而生怯的"
deadlock,n.,僵局
ductile,adj. ,易被影响的
expostulate,v.,"争论, 反驳"
flighty,adj.,多变的
galactic,adj.,星系的
harbinger,n.,前兆
hard-boiled,adj.,"强硬的, 不动感情的"
hardliner,n.,强硬分子
imbibe,v.,喝
imposter,n.,冒名顶替的人
inadvertent,adj.,"粗心的, 不留意的"
inclusive,adj.,包罗万象的，全面的
irreversible,adj.,不可逆的
jettison,v.,"拒绝, 放弃"
liberal,adj.,慷慨的
penalty,n.,惩罚
pensive,adj.,（悲伤的）思考的
peremptory,adj.,"不容反抗的, 断然的"
pine,v.,渴望
pique,v.,"激怒, 惹怒"
poise,v.,使平衡
rapacious,adj.,贪婪的
rejuvenate,adj.,使...重新有活力
self-styled,adj.,自称的
setback,n.,挫折
stomach,v.,容忍
tyrant,n.,暴君
ungainly,adj.,笨拙的
utter,adj.,完全的
virulent,adj.,"有害的, 有毒的"
whereabouts,n.,"行踪, 下落"
alienate,v.,疏远
anonymous,adj.,不出名的
artless,adj.,"朴实的, 单纯的"
befuddle,v.,使...困惑
bolster,v.,支持
cacophony,n. ,"刺耳的声音, 不和谐的声音"
camaraderie,n.,志同道合之情谊
cannibalism,n.,"食人,嗜食同类"
coarse,adj.,粗糙的
congenial,adj.,友善的
decay,v.,衰退
dedicate,v.,"致力于, 奉献于"
deplete,v.,耗尽
disorganize,v.,"打乱, 破坏"
distress,v. ,"使......紧张, 忧虑, 不适"
embolden,v.,"鼓舞, 鼓励"
flag,v.,衰弱
fluctuate,v.,"波动, 起伏, 上上下下"
haphazard,adj.,"无序的, 凌乱的"
hedge,n.,故意模棱两可不绝对的言论
hermetic,adj.,密闭的
increment,n.,"增长, 递增"
indiscernible,adj. ,不明显的
insipid,adj.,无聊的
interlocutor,n.,对话者
jar,v.,使...不安
jockey,v.,不择手段的谋取有利地位
negligent,adj.,疏忽大意的
noxious,adj.,有害的
onset,n.,开始
parity,n.,平等
penitential,adj.,"后悔的, 忏悔的"
predicament,n.,困境
predominant,adj.,"最显著的, 主导的"
proscribe,v.,禁止
putative,adj.,"公认的, 假定的"
savvy,adj.,有见识的
scatter,v.,分散
scintillating,adj.,"生动有趣的,机智幽默的"
sensational,adj.,极好的
specious,adj.,似是而非的，假的
subsidize,v.,"资助, 赞助"
tactful,adj.,"为他人着想的, 圆滑的"
tectonic,adj.,建筑的
untether,v.,"释放, 脱离"
781-840,,
aloof,adj.,"冷漠的, 疏远的"
authoritarian,adj.,专制的
banish,v.,驱逐
captivate,v.,吸引
charlatan,n.,骗子
contrite,adj.,后悔的
coy,adj. ,腼腆的
disarray,n.,"杂乱, 混乱"
discount,v.,"低估, 轻视"
distort,v.,曲解
dogmatic,adj.,教条的
duplicitous,adj.,欺骗的
effusive,adj.,表达过多感情的
emendation,n.,校订
erroneous,adj.,错误的
etch,v.,铭记
exactitude,n.,准确
exiguous,adj.,极其缺乏的
expurgate,v.,删除（令人反感的内容）
far-reaching,adj.,影响广泛的
haughty,adj.,"高傲的, 傲慢的"
hierarchy,n.," 等级制度, 有等级划分的组织"
horrific,adj.,可怕的
husband,v.,节省
imperturbable,adj.,"镇定的, 冷静的"
inflammatory,adj.,煽动性的
ingenuous,adj.,"纯朴的, 真诚的"
interchangeable,adj.,"可交换的, 相似的"
lethargic,adj.,无精打采的
mastermind,n.,策划者
neophyte,n.,新手
off-key,adj.,"出格的, 不正常的"
palliate,v.,减缓
paralyze,v.,使...瘫痪
perforce ,adv.,必然地
predicate,v.,"基于, 取决于"
predilection,n.,"倾向, 偏好"
proclaim,v.,宣布
provoke,v.,激起
quash,v.,"废止, 使无效"
scandalous,adj.,"令人震惊的, 反感的"
slump,v.,急速下跌
susceptible,adj.,易受影响的
synergy,n.,协同作用
torpor,n.,"麻木, 迟钝, 懒散"
vainglory,n.,"极度夸耀, 虚荣"
wide-ranging,adj.,广泛的
aesthetic,adj.,美学的
alleviate,v.,减轻
avant-garde,n.,"先锋派, 前卫派"
beset,v.,困扰
cast-iron,adj.,"坚固的, 顽强的"
caterwaul,v.,发出难听的声音
circumlocution,n. ,绕圈的话语
cleave,v.,忠诚于…
cluster,v.,聚集
concur,v.,同意
convoluted,adj.,"难懂的, 复杂的"
cynicism,n.,认为人性自私
evocative,adj.,唤起的
flit,v.,快速移动
fluid,adj. ,流动的
hideous,adj.,丑陋吓人的
hypercritical,adj.,吹毛求疵的
impartial,adj.,"公正的, 不偏不倚的"
ineffable,adj. ,难以言表的
jaded,adj.,厌倦的，无聊的
leading,adj.,最重要的
misfeasance,n.,"过失, 不法行为"
nonchalant,adj.,漠不关心的
nostalgia,n.,思乡
paean,n.,赞美
pejorative,adj.,轻蔑的（话语）
plebeian,n.,平民，粗俗的人
posture,n.,"态度, 立场"
propagate,v.,"宣扬, 宣传"
quixote,n.,爱空想的人
quizzical,adj.,好奇而疑惑的
spendthrift,n.,挥霍的人
straddle,v.,横跨
synopsis,n.,概要
tentative,adj.,试探性的，临时的
tepid,adj.,"冷淡的, 不热情的"
trivial,adj.,不重要的
verve,n.,"热情, 活力"
weather,v., 渡过（危机）
abandon,n.,放纵
acrimony,n.,"尖刻, 犀利"
affiliate,v.,附属
anatomize,v.,解剖
balloon,v.,快速上升
celebrated,adj.,出名的
coincide,v.,碰巧
concrete,adj.,真实的
congruous,adj.,"一致的, 适合的"
curt,adj.,语言简练的
delightful,adj.,"（形容事物）令人愉悦的, 令人高兴的"
disavow,v.,否认
disgorge,v.,吐
downcast,adj.,"不开心的, 沮丧的"
drudgery,n.,苦工
entrust,v.,"委托, 托付"
exploit,v.,充分利用
feign,v.,假装
feminism,n.,女权主义
fissure,n.,裂缝
flip,v.,翻动
fluster,v.,使...不安
guzzle,v.,狂饮
impolitic,adj.,不明智的
impregnable,adj.,坚固的
intermediary,adj.,（作为）中间人(的)
martinet,n.,要求严格纪律的人
monotonous,adj.,单调的
omnipresent,adj.,处处都有的
ploy ,n.,策略
preternatural,adj.,异乎寻常的
propound,v.,提出…供考虑
resilient,adj.,能（从困境中）恢复的
rive,v.,劈开
satire,n.,"讽刺, 嘲讽"
sheer,adj.,完全的
shoulder,v.,承担
slavish,adj.,缺乏创造力的，盲目模仿的
soft-pedal,v.,"弱化, 减缓...的影响"
tortuous,adj.,复杂难懂的
traumatic,adj.,心灵受创伤的
veer,v.,改变方向
airtight,adj.,"密封的, 不透气的"
anathema,n.,极其讨厌的人或事
archaic,adj.,过时的
autonomous,adj.,自治的
backbone,n.," 支柱, 支撑"
bland,adj.,无聊的
braggadocio,n.,"自夸, 吹牛大王"
canary,n.,金丝雀
circumstantial ,adj.,详细的
claustrophobic,adj.,狭小而引起不适的
cloying,adj. ,令人腻烦的
coerce,v. ,强制
conclusive,adj.,"终结的, 最终的"
concomitant,adj.,"相伴随的, 与...同时发生的"
devastate,v.,严重破坏
disintegrate,v.,瓦解
ecumenical,adj.,"多元的, 普遍的"
embody,v.,体现
equilibrium,n.,平衡
fealty,n.,忠诚
finicky,adj.,挑剔的
flummery,n.,假恭维
forage,v.,寻找（食物）
forestall,v.,阻止
glamorous,adj.,有吸引力的
glib,adj.,即兴的
half-formulated,adj.,新出现的
ideologue,n.,理论家，提倡者
illustrious,adj.,杰出的
inertia,n.,"不动, 不活跃"
inform,v.,通知
listless,adj.,没精打采的
malfeasance,n.,违法行为
moderate,v.,使缓和
neutralize,v.,"抵消, 使无效"
niche,n.,小众市场
paraphernalia,n.,"行头, 装饰品"
playwright,n.,剧作家
preeminent,adj.,"杰出的, 独一无二的"
premonitory,adj.,警告的
recrudesce,v.,复发
self-defeating,adj.,"违背自己利益的, 弄巧成拙的"
shrill,v.,尖叫
snobbish,adj.,自命不凡的
tout,v.,兜售
unqualified,adj.,完全的
upbeat,adj.,"积极乐观的, 愉快的"
vanguard,n.,先锋
winnow,v.,筛选
accent,v.,发重音
amid,prep.,在…之中
asperity,n.,态度粗暴
auspicious,adj.,"吉兆的, 幸运的"
backfire,v.,"事与愿违, 起反作用"
beholden,adj.,亏欠的
chauvinistic,adj.,极端爱国的
consolidate,v.,巩固
copious,adj.,大量的
counterfeit,adj.,伪造的
crave,v. ,极度渴望
deft,adj.,灵巧的
disown,v.,否认
domesticate,v.,驯服
dull,adj.,无聊的
eligible,adj.,合格的
equable,adj.,平静的
factotum,n.,杂工
gossamer,adj.,"轻而薄的, 虚无缥缈的"
guild,n.,协会
hoax,v.,欺骗
identical,adj.,完全一样的
impudent,adj.,无礼的
inverse,adj.,相反的
invoke,v.,引述
jubilation,n.,"高兴, 喜悦"
justification,n.,理由
laudatory,adj.,赞美的
lengthy,adj.,冗长的
meticulous,adj.,谨慎的
nonplus,v.,"使困惑, 使不知所措"
nuance,n.,小差异
objectionable,adj.,令人反感的
optimism,n.,乐观
overwrought,adj.,情绪激动或不高兴的
panorama,n.,全面展示
perfidious,adj.,不可信赖的
ponder,v.,"沉思, 仔细思考"
prevaricate,v.,"搪塞, 闪烁其词"
provident,adj.,节俭的
sectarian,adj.,狭隘的
sparkling,adj.,闪闪发光的
streamline,v.,简化
subsequent ,adj.,"后来的, 随后的"
whet,v.,削尖
wilt,v. ,萎蔫，衰弱
abuse,v.,滥用
animus,n.,敌意
austere,adj.,"朴素的, 没有装饰的"
baffle,v.,使...困惑
becoming,adj.,"（尤指有吸引力的）得体的, 合适的"
budding,adj.,新出现的
capitulate,v. ,投降
chagrin,n.,"苦恼, 烦恼"
contract,v.,招致
cow,v.,恐吓
credential,n.,证明
crestfallen,adj.,沮丧的
deleterious,adj.,有害的
dismissal,n.,免职，开除
dovish,adj.,爱好和平的
dubious,adj.,"可疑的, 不确定的"
ecstatic,adj.,特别高兴的
endow,v.,赋予
forerunner,n.,先驱
fusty,adj.,过时的
halt,v.,停止
levity,n.,"不严肃, 轻浮"
materialize,v.,实现
panache,n.,炫
parochial,adj.,地方的
plangent,adj.,悲哀的
plaudit,n.,鼓掌，喝彩，赞扬
profound,adj.,深刻的
rambling,adj.,"跑题的, 冗长的"
reminiscent,adj.,引起回忆的
rhapsody,n.,慷慨激昂的说辞
rosy,adj.,乐观的
sidestep,v.,"回避, 绕过"
subject,v.,屈服
trenchant,adj.,尖酸刻薄的
truncate,v.,缩短
unconscionable,adj.,"丧心病狂的, 违背良心的"
underplay,v.,"轻描淡写, 低估"
unexampled,adj.,史无前例的
verge,n.,边缘
wallow,v.,沉溺于
adamant,adj.,固执的
albeit,conj. ,即使
apologist,n.,辩护人
cautious,adj. ,小心谨慎的
commend,v.,赞美
confiscate,v.,没收
decorous,adj.,得体的
de-emphasize,v.,降低…的重要性
dispute,v.,"争辩, 反对"
distinctive,adj.,独特的，显著区别的
equivocal,adj.,"模棱两可的, 有歧义的"
fervent,adj.,"情感强烈的, 热烈的"
goad,v.,刺激
grapple,v.,抓住
humility,n.,谦虚
inching,n.,缓慢移动
insulate,v.,"绝缘, 绝热, 隔音"
inveigle,v.,诱骗
laurel,n.,荣誉
necessitate,v.,使成为必要
notorious,adj.,臭名昭著的
patrimony,n.,"继承, 世袭"
peerless,adj.,无与伦比的
peregrination,n.,"长途旅行,游历"
predispose,v.,使....易受感染
prowess,n.,"（超凡的）技巧, 能力"
pugnacious,adj.,好争斗的
recondite,adj.,难懂的
revive,v.,使...复苏
riddle,n.,"难题, 谜题"
riot,n.,暴乱
shelve,v.,搁置
taciturn,adj.,沉默寡言的
tedious,adj.,冗长无聊的
tractable,adj.,"易管理的, 易控制的"
transparent,adj.,透明的
trendy,adj.,时髦的
adept,adj.,精通的
bleak,adj.,"阴暗的, 阴郁的"
brandish,v.,炫耀
coax,v.,诱骗
consilience,n.,"一致, 符合"
demanding,adj.,费力的
eclectic,adj.,多元的
edify,v.,启迪
esoteric,adj.,难懂的
fester,v.,恶化
forgo,v.,放弃(优势)
frugal,adj.,节俭的
gaiety,n.,欢快
hefty,adj.,又大又重的
highlight,v.,使...突出
hysteria,n.,歇斯底里，情绪失控
indignant,adj.,非常愤怒的
indisputable,adj.,不容置疑的
infectious,adj.,传染的
invert,v. ,颠倒，倒置
juvenile,adj.,"幼稚, 不成熟的"
locale,n.,地点
long,v.,渴望
nexus,n.,连接
obdurate,adj.,固执的
opprobrium,n.,辱骂
prompt,v.,"促进, 激起"
resemble,v.,与...相似
respite,n.,"暂歇, 休息"
skittish,adj.,多变的
soporific,adj.,令人昏昏欲睡的
testimony,n.,"证词, 证据"
underlie,v.,"成为...根据, 基础"
unilateral,adj.,单方面的
utilitarian,adj.,  实用的
wary,adj.,谨慎小心的
alacrity,n.,欣然同意
appraise,v.,评估
baneful,adj.,有害的
belligerent,adj.,好斗的
bore,n.,无聊的人
bottleneck,v.,阻塞，妨碍
confound,v.,使困惑
elusive,adj.,难懂的
endorse,v.,公开支持
exultant,adj.,狂喜的
fecund,adj.,多产的
fringe,adj.,"次要的, 边缘的, 不重要的"
heterogeneous,adj.,"组成多样的, 混合的"
invective,n.,"辱骂, 侮辱"
jejune,adj.,无聊的
leak,v.,泄漏信息
negligible,adj., 可忽略的，不重要的
oddball,n.,古怪的人
physical,adj.,实体的
polarize,v.,使...两极化
precipitate,v.,加速
proverbial,adj.,家喻户晓的
pursuit,n.,事业
pushover,n.,易被打败的人
rehash,v.,（没有实质改变地)重提
second,v.,同意
sideshow,n.,附带事件，小事
slur,n.,诽谤
sophisticated,adj.,"精于世故的, 老练的"
stunning,adj.,令人印象深刻的
tenacious,adj.,坚定的
unmistakable,adj.,"清晰的, 一目了然的"
utilitarianism,n.,功利主义
vagary,n.,反复无常
absorbing,adj.,吸引人的
ameliorate,v.,"改善, 提升"
asset,n.,有价值的人或事
asseverate,v.,郑重声明
attune,v.,使协调一致
circuitous,adj.,"兜圈子的, 不直接的"
clergy,n.,"神职人员, 牧师"
comb,v.,"仔细检查, 仔细搜寻"
consensus,n.,意见一致
contemptuous,adj.,鄙视的
conversant,adj.,熟悉的
cosmopolitan,adj.,见多识广的
expedite,v.,"加速, 加快"
fabricate,v.,"编造, 捏造"
facet,n.,某一方面
flout,v.,"蔑视, 鄙视"
fortuitous,adj.,偶然的
gloomy,adj.,悲伤的
heterodox,adj.,"异端邪说的, 非主流观点的"
hyperbole,n.,夸张
incontrovertible,adj.,不容质疑的
intrude,v.,闯入
linkage,n.,"连接, 联结"
mandate,v.,命令
modicum,n.,少量
moody,adj.,喜怒无常的
palpable,adj.,可感知的
prodigy,n.,神童
proponent,n.,支持者
prudent,adj.,谨慎的
recalcitrant,adj.,顽固的
roost,v.,栖息
sate,v.,"使…厌倦, 使...腻烦"
scathing,adj.,尖酸刻薄的
unimpeachable,adj.,毋庸置疑的
voracious,adj.,贪婪的
wistful,adj.,"渴望的,思念过去的"
abhor,v.,厌恶
acknowledge,v.,感谢
annihilate,v.,"毁灭, 毁坏"
appreciate,v.,升值
clamorous,adj.,吵吵闹闹的
conjure,v.,想象出
contingent,adj.,依情况而定的
convincing,adj.,有说服力的
counterbalance,n. ,"平衡, 抵消"
crass,adj.,粗鲁的
duel,v.,反对
encomium,n.,赞美
envy,v.,嫉妒
erode,v.,腐蚀
experimental,adj.,"新颖的, 创新的"
fell,v.,砍树
hereabouts,adv.,在附近
implore,v.,"恳求, 哀求"
incumbent,n.,在职官员
legitimate,adj.,合法的
long-winded,adj.,冗长无聊的
meld,v.,混合
monogamy,n.,一夫一妻制
onerous,adj.,"繁重的, 费力的"
plentiful,adj.,慷慨的
purveyor,n.,供应商
scant,adj.,稀缺的
shoddy,adj.,劣质的
simpleton,n.,呆子，傻子
spiteful,adj.,恶毒的
subdue,v.,"征服, 打败"
subsist,v.,"维持生存, 生存下去"
surplus,n.,"多余, 过量"
taint,v.,"玷污, 破坏"
triumph,n.,"胜利, 成就"
voluble,adj. ,"健谈的, 话多的"
whisk,v.,迅速送走（人或事物）
agglomerate,v.,聚集
analgesic,n.,止痛药
bewilder,v.,使...困惑
blunt,adj.,直率的
brackish,adj.,令人恶心的
cajole,v.,哄骗
condemn,v.,谴责
disgruntle,v.,使...不高兴
downsize,v.,缩小
exhilarate,v.,使...喜悦或兴奋
expatriate,v.,驱逐
falsehood,n.,"谎言, 谬论"
fixate,v.,"注视, 全神贯注"
garrulous,adj.,话多的
impugn,v.,（因人不诚实而）批评抨击
incursion,n.,"侵入, 侵犯"
legible,adj.,清楚的，易读的
loath,adj.,不情愿的
lopsided,adj.,不均衡的
magnanimous,adj.,"大度的, 慷慨的"
mercenary,adj.,唯利是图的
oratorical,adj.,口才的
perpetuate,v.,"持续, 使...继续"
plagiarize,v.,抄袭
proofread,v., 校对
providential,adj.,"幸运的, 凑巧的"
quiescent,adj.,"静止的, 不活跃的"
revel,v.,陶醉
seminal,adj.,非常有影响力的
spike,v.,（短期大幅）上升
uncharacteristic,adj.,"不典型的, 不寻常的"
verisimilitude,n.,逼真
acute,adj.,严重的，关键的
altruism,n.,"无私, 利他主义"
arcane,adj.,难懂的，鲜为人知的
archive,v. ,"存档, 保存"
ascribe,v.,归因于
champion,n.,支持者
clangorous,adj.,"叮当响的, 响亮的"
collectivism,n.,集体主义
curtail,v.,削减
dainty,adj. ,小巧精致的
designate,adj.,"指定的, 选定的"
emphatic,adj.,着重强调的
encapsulate,v.,简要概括
fastidious,adj.,"小心谨慎的, 挑剔的"
frown,v.,皱眉
hasty,adj.,"快速的, 仓促的"
indebted,adj.,感激的
induce,v.,诱导
innate,adj.,天生的
insouciance,n.,"无忧无虑, 不操心"
inure,v.,习惯于（不好的事物）
invidious,adj.,令人反感的
meddle,v.,干涉
moralistic,adj.,说教的
multifarious,adj.,各种各样的
opaque,adj.,难懂的
persevere,v.,坚持
qualify,v.,限制
ramification,n.,"结果, 后果"
recollect,v.,记忆
redoubtable,adj.,令人肃然起敬的
trio,n.,"三足鼎立, 三个一组"
vernacular,adj.,"口头语的, 俗语的"
antiquated,adj.,"老旧的, 过时的"
apex,n.,"最高点, 顶峰"
assail,v.,"批评, 攻击"
assume,v.,假装
bellwether,n.,领导者
civil,adj.,公民的
collective,adj.,集体的
confide,v.,吐露
consequential,adj.,重要的
displace,v.,驱逐
exacerbate,v.,使...恶化
exalt,v.,赞美
florid,adj.,"过分修饰的, 花哨的"
frank,adj.,真诚的
inquisitive,adj. ,好奇的
nullify,v.,使...无效
outmoded,adj.,过时的
promise,n.,前景光明
relinquish,v.,放弃
rigid,adj.,僵硬的
robust,adj.,强壮的
shackle,v. ,阻碍
sham,adj.,虚假的
suffice ,v.,足够
valediction,n.,告别 
adjacent,adj.,相邻的
antidote,n. .,解药
apostle,n.,狂热的支持者
backhanded,adj.,不直接的
byword,n.,"典型, 代名词"
calumny,n.,诽谤
cataclysm,n.,n. 灾难
complaint,n.,抱怨
contest,v.,"质疑, 否认"
dilute,v.,"削弱, 减轻"
disclose,v.,"揭发, 揭露"
exert,v.,使用
hands-off,adj.,不干涉的，不插手的
hitch,n.,"（隐形的）问题, 难题"
obtrude,v.,"强迫, 强加于"
palatable,adj.,美味的
partisan,n.,"强硬支持者（盲目的, 偏见的, 不理性的支持）"
peripheral,adj. ,不重要的
platitudinous,adj.,平凡的，陈腐的
propaganda,n.,政治宣传
rebut,v.,驳斥
reconcile,v.,调和
residual,adj.,"剩余的, 残留的"
retrofit,v.,翻新
roil,v.,使...混乱
salubrious,adj.,有益健康的
simplistic,adj.,过于简化的
waggish,adj.,诙谐的
wooden,adj.,"僵硬的，呆板的
"
alter,v.,改变
ambivalent,adj.,（情感、态度）矛盾的
aver,v.,断言
base,adj.,卑鄙的
boycott,v.,抵制
bravado,n.,装作勇敢
compile,v.,编辑
contingency,n.,可能事件
doom,v.,注定（失败）
exempt,adj.,被免除的
facilitate,v.,"辅助, 帮助"
formulaic,adj.,"刻板的, 俗套的"
gravitate,v.,"被吸引到..., 倾向"
hand-wringing,n.,焦虑的、绝望的言谈举止
inattention,n.,"不留心, 不注意"
incompatible,adj.,"无法共存的, 不可兼容的"
loose,adj.,松弛的
might,n.,"力量, 权力"
misgiving,n.,不安
mollify,v.,安抚
needy,adj.,贫穷的
neologism,n.,"新词, 新意思"
perceptive,adj.,"有洞察力的, 敏锐的"
pinnacle,n.,顶点
privation,n. ,贫穷，匮乏
rebuke,v.,"指责, 非难"
reparation,n.,修理
seditious,adj.,煽动叛乱的
stanch,v.,阻止
swift,adj.,快速的
unerring,adj.,一贯准确的
unrelenting,adj.,不屈的
vulgar,adj.,粗俗的
willful,adj.,固执任性的
audacious,adj.,"大胆的, 无畏的"
boast,v.,吹嘘
brag,v.,"吹嘘, 炫耀"
chic,adj.,时尚的
culmination,n.,"最终, 结果"
dense,adj.,浓密的
devoid,adj.,缺乏的
dichotomy,n.,矛盾的事物
digress,v.,"偏题, 跑题"
divisive,adj.,"引起争议的, 引起分裂的"
extol,v.,赞美
fatal,adj.,致命的
fathom,v.,理解
gourmand,n.,吃货
imperial,adj.,帝国的
implicate,v.,牵涉
leveling,n.,使平等，使一致
no-nonsense,adj.,直接的，不允许的不相干的事（话）的
numinous,adj.,超自然的
opportunistic,adj.,"机会主义的, 投机的"
perilous,adj.,危险的
prodigal,adj.,奢侈浪费的
pronounced,adj.,"显著的, 明显的"
prophet,n.,"先知, 预言者"
quibbler,n.,吹毛求疵的人
recoil,v.,畏缩
salient,adj.,"明显的, 显眼的"
self-regard,n.,自私自利
square,v.,符合，一致
straggle,v.,迷路
transgress,v.,"违反, 违背"
versatile,adj.,多变的
acolyte,n.,助手
anemia,n.,缺乏活力
applaud,v. ,"赞美, 支持"
bestow,v.,"授予, 给予"
bitter,adj.,"怨恨的, 气愤的"
block,v.,"阻碍, 妨碍"
buoy,v.,使浮起来 
cagey,adj.,小心的；谨慎的
cavalier,adj.,随便的，轻蔑的
egalitarianism,n.,平等主义
equitable,adj.,"平等的, 公平的"
grave,adj.,严肃的
idle,adj. ,空闲的
infuriate,v.,使...愤怒
innocuous,adj.,无害的
insular,adj.,孤立的
insurrection,n.,造反
noisome,adj.,"有害的, 恶臭的"
obstreperous,adj.,"不服管的,桀骜不驯的"
ooze,v.,渗出
preservationist,n.,保护主义者
recuse,v.,取消资格
restless,adj.,不安的
revere,v.,尊敬
slapdash,adj.,"草率的, 粗心大意的"
slipshod,adj.,粗心大意的
stonewall,v.,拒绝合作
transitory,adj.,短暂的
triumvirate,n. ,三足鼎立
tug,v.,用力拉
unfettered,adj.,"不受限制的, 自由的"
witty,adj.,机智幽默的
anomalous,adj.,"不寻常的, 异常的"
apprehend,v.,逮捕
cynical,adj.,认为人性自私的，愤世嫉俗的
ethos,n.,"（团体的）气质, 氛围, 信仰等"
humanitarian,adj.,"人道的, 博爱的"
impressionable,adj.,易受影响的
license,n.,自由
maverick,n.,标新立异之人
menace ,v.,威胁
overt,adj.,明显的
pilfer,v.,盗用
prescribe,v.,规定
qualm,n.,不安
quixotic,adj.,不切实际的
rebound,v.,从挫败中恢复
remedy,v.,"补救, 完善"
serendipitous,adj.,偶然的
steadfast,adj.,坚定不移的
understate,v.,"少说, 少报"
varnish,v.,装饰
wield,v.,使用
zealot,n.,狂热者
abstraction,n.,"抽象, 概要"
adulation,n.,"恭维, 吹捧"
associate,n.,"同事, 伙伴"
bogus,adj.,假的
boredom,n. ,厌倦
brink,n.,(事情发生的) 边缘
bureaucracy,n.,官僚机构
contain,v.,限制
contentious,adj.,引起争议的
convivial,adj.,"好交际的, 欢聚的"
derogate,v.,贬低
divest,v.,剥夺
forsake,v.,放弃
guru,n.,领袖
hodgepodge,n.,"混杂, 混合物"
jeopardize,v.,使...危险
ludicrous,adj.,滑稽可笑的
molder,v.,"腐烂, 退化"
oust,v.,驱逐
peaceable,adj. ,和平的，温顺的
peripatetic,adj.,巡游的
repertoire,n. ,全部节目
subtle,adj.,难以理解的
timely,adv.,合时宜地
virtually,adv.,几乎
accede,v.,同意
adhere,v.,"依附于…,坚持"
aimless,adj., 漫无目的的
arrest,v.,阻止
confer,v.,"授予, 给予"
controversial,adj.,有争议的
decrepitude,n.,衰老
defer,v.,推迟
diffident ,adj.,"缺乏自信的, 胆怯的"
diminutive,adj.,极小的
disparage,v.,鄙视
divergent,adj.,不同的
economy,n.,节省
enliven,v.,使活跃
ensue,v. ,紧随其后
impede,v.,阻碍
impersonal,adj. ,没有人情味的
insidious,adj.,"阴险的, 暗中为害的"
momentous,adj.,重要的
monolithic,adj.,庞大而僵硬的
open-ended,adj.,开放的
particularize,v.,详细阐述
rail,v.,"抨击, 批评"
shriek,v.,"叫喊, 尖叫"
spartan,adj.,简朴的
teem,v.,充满
untoward,adj.,不利的
yearn,v.,强烈渴望
abet,v.,"怂恿, 支持, 教唆（犯罪）"
accountable,adj.,（对某事）负责任的
antagonistic,adj.,敌对的
attain,v.,"达到, 获得"
bent,adj.,有倾向的
diatribe,n.,谩骂
disconcerting,adj.,令人不安的
diverse,adj.,"多样的, 不同的"
dour,adj.,"严肃的, 阴郁的"
euphoria,n.,特别高兴
improvise,v.,即兴表演
intelligible,adj.,可以理解的
lockstep,n., 因循守旧；步调一致
observant,adj.,"观察仔细的,善于观察的"
omnivorous,adj.,杂食的
pillory,v.,批评
preponderance ,n.,(数量上的）优势
protract,v.,延长
rapprochement, n.,"友好, 和谐"
redeem,v.,赎罪
requisite,adj.,必要的
savor,v.,享受
screed,n.,冗长，单调的说话或者文章
sluggish,adj.,迟钝的
synoptic,adj. ,摘要的
valorize,v.,规定价格（引申为赞美）
vivacious,adj.,活力四射的
anthropogenic,adj.,人为的
bookish,adj.,书呆子气的
callous,adj.,冷漠的
callow,adj.,"幼稚的, 稚嫩的"
clandestine,adj.,"秘密的, 隐蔽的"
contemplate,v.,深入思考
dazzle,v.,"使…目眩, 使...惊叹"
demonstrable,adj.,可证明的
discontinue,v.,终止
genteel,adj.,"有教养的, 彬彬有礼的"
lurid,adj.,"令人震惊的, 耸人听闻的"
offhand,adj., 即时的；未经准备的
oppressive,adj.,压迫的
ostensible,adj.,"表面的, 虚假的"
ostentatious,adj.,炫耀的
pathetic,adj.,可怜的
quintessential,adj.,"精华的, 典型的"
recant,v.,（公开正式的）否认
render,v.,使...进入某种状态
sanctimonious,adj.,"假装道德高尚的, 假正经的"
scorn,v.,"鄙视, 嘲笑"
solace,v. ,安慰
speculate,v.,"推测, 猜测"
spur,v.,刺激
token,n. ,象征
virtuoso,n.,艺术品鉴赏家
august,adj.,"庄严的, 肃穆的"
agreeable,adj.,适合的
apprentice,n.,新手
arboreal,adj.,树的
betoken,v.,预示
bountiful,adj.,丰富的
circumscribe,v.,限制
clairvoyance,n.,洞察力
dampen,v.,"抑制, 削弱"
demographic,adj.,与人口统计有关的
dilettante,n.,"半吊子, 业余的人, 一知半解的人"
elicit,v.,引起
emulate,v.,模仿，通过模仿而超越
evenhanded,adj.,公平的
execrate,v.,痛斥
expository,adj.,"解释的, 阐释的"
imperil,v.,使处于危险
itinerant,adj.,巡游的
leaven,v.,"使...生动, 使...更有趣"
metaphor,n.,比喻
murky,adj.,昏暗的
obtrusive,adj.,显著的，突兀的
occlude,v.,阻塞
outdo,v.,"超过, 胜过"
overshadow,v.," 超出, 超过"
rectitude,n.,正直
spearhead,n.,先锋部队
allure,v.,引诱
appropriate,adj.,合适的
check,v.,阻止
coruscate,v.,"闪烁, 闪光"
deteriorate,v.,恶化
discredit,v.,拒绝承认
discrepancy,n.,差异
disseminate,v.,"传播, 散布"
dissent,v.,持不同意见
endanger,v.,危害 
free-for-all,n.,"混战, 多人为所欲为的失控场面"
gracious,adj.,有礼貌的
hectic,adj.,非常忙碌的
immediate,adj. ,紧靠的，最接近的
impertinent,adj.,粗鲁的
impose,v.,把…强加于
insatiable,adj.,无法满足的
lavish,adj.,奢华的
magisterial,adj.,权威的
minuscule,adj.,微小的
presuppose,v.,假定
provision,n.,"预备, 预先采取的措施"
reliable,adj.,（结论、模型等）可靠的
rue,n.,后悔
thrive,v.,兴旺发达
accentuate,v.,强调
apocryphal,adj. ,"被人们普遍接受却不正确的, 假的"
baroque,adj.,"奢华的, 复杂的"
cloak,v.,"伪装, 掩盖"
commonplace,n.,"平庸, 普通"
compulsory,adj.,强制的
debonair,adj.,彬彬有礼的
fetch,v.,卖得(某个价格）
fuel,v. ,支撑，支持
grouchy,adj.,"易怒的, 脾气不好的"
incivility,n.,不礼貌
interlope,v.,"入侵, 干涉"
iterate,v.,"重说一遍, 重做一遍"
meander,v.,漫无目的地走动
mighty,adj.,强大的
modish,adj.,时髦的
novice,n.,新手
pan,v.,严厉批评
pedant,n.,卖弄学问的人
phenomenal,adj.,出众的
plastic,adj.,能适应的，灵活的
replenish,v.,"补充, 修复"
self-righteous,adj.,自以为是的
spew,v.,"喷出, 涌出"
thenceforth,adv.,此后，从那时开始
vindicate,v.,证明...的清白
visionary,adj.,有远见的
acclaim,v.,"欢呼, 喝彩"
assuage,v.,"安抚, 缓和"
avaricious,adj.,贪婪的
canonical,adj.,（书籍等在某个领域）经典之作的
eminent,adj.,杰出的
forbidding,adj.,"令人畏惧的, 可怕的"
fraudulent,adj.,欺诈的
hoard,v.,贮藏
insightful,adj.,有洞察力的
lapse,v.,停止
mimic,v.,模仿
mince,v.,装腔作势
misanthrope,n.,厌恶人类的人，愤世嫉俗的人
obligatory,adj.,"强制的, 必须的"
overthrow,v.,推翻
placid,adj.,平静的
rigorous,adj.,严格的
sift,v.,"分离, 筛选"
sophist,n.,哲学家
subtext,n.,潜台词
wholesale,adj.,大规模的
abyss,n.,深渊（指危险的处境）
amorphous,adj.,无固定形状的
appeal,v.,"呼吁, 恳求"
assimilate,v.,吸收
bombard,v.,（如炸弹般）攻击（人或事物）
contrive,v. ,设计
demise,n.,"死亡, 灭亡"
despotic,adj. ,"独裁的, 专制的"
egregious,adj.,极坏的
hard-nosed,adj.,顽强的
mediate,v.,调解
outnumber,v.,（数量上）超过
panacea,n.,万能灵药
petty,adj.,"不重要的, 次要的"
prominent,adj.,著名的
resourceful,adj.,足智多谋的
revitalize,v.,使...复活
rudimentary,adj.,基本的
score,v.,获得....成就
spell,n.,（一段）时间
tautology,n.,赘述
untrammeled,adj.,自由的
verifiable,adj.,可验证的
amiss,adj.,错误的
apolitical,adj.,对政治不感兴趣的
apposite,adj.,"合适的, 相关的"
bristle,v.,"生气, 愤怒"
clueless,adj.,无知的
composed,adj.,冷静的
curator,n.,管理者
dearth,n.,缺乏
dualism,n.,二元论
exonerate,v.,"免罪, 免责"
extraneous,adj.," 不重要的, 不相关的"
foresight,n.,远见
insolent,adj.,无礼的
intact,adj.,完整的
intoxicate,v.,"使...陶醉, 沉醉"
malodorous ,adj.,"难闻的, 恶臭的"
mockery,n.,嘲笑
mount,v.,上升
occasion,v.,引起
orientation,n.,"取向, 态度"
pecuniary,adj.,金钱的
preside,v.,"主持, 负责"
profligate,adj.,"奢侈的, 花钱大手大脚的"
provincial,adj.,眼光狭隘的
regimen,n.,"统治, 政府统治"
scrupulous,adj.,小心谨慎的
surrogate,v.,代理
tonic,adj.,有益健康的
vitriolic,adj.,尖酸刻薄的
whit,n.,少量
defy,v.,"不遵守,不服从, 抵抗"
insensitive,adj.,"漠视的, 不在乎的"
objurgation,n.,"斥责, 非难"
recrudescent,adj.,复发的
sacrosanct,adj.,神圣而不可侵犯的
trumpet,v.,鼓吹
,,
,,
,,
,,
,,
,,
,,
,,
,,
,,
,,
,,
,,
,,
,,
,,
,,
,,
,,
,,
,,
,,
,,
,,
,,
,,
,,
,,
,,
,,
,,
,,
,,
,,
,,
,,
,,
,,
,,
,,
,,
,,
,,
,,
,,
,,
,,
,,
,,
,,
,,
,,
,,
,,
,,
,,
,,
,,
,,
,,
,,
,,
,,
,,
,,
,,
,,
,,
,,
,,
,,
,,
,,
,,
,,
,,
,,
,,
,,
,,
,,
,,
,,
,,
,,
,,
,,
,,
,,
,,
,,
,,
,,
,,
,,
,,
,,
,,
,,
,,
,,
,,
,,
,,
,,
,,
,,
,,
,,
,,
,,
,,
,,
,,
,,
,,
,,
,,
,,
,,
,,
,,
,,
,,
,,
,,
,,
,,
,,
,,
,,
,,
,,
,,
,,
,,
,,
,,
,,
,,
,,
,,
,,
,,
,,
,,
,,
,,
,,
,,
,,
,,
,,
,,
,,
,,
,,
,,
,,
,,
,,
,,
,,
,,
,,
,,
,,
,,
,,
,,
,,
,,
,,
,,
,,
,,
,,
,,
,,
,,
,,
,,
,,
,,
,,
,,
,,
,,
,,
,,
,,
,,
,,
,,
,,
,,
,,
,,
,,
,,
,,
,,
,,
,,
,,
,,
,,
,,
,,
,,
,,
,,
,,
,,
,,
,,
,,
,,
,,
,,
,,
,,
,,
,,
,,
,,
,,
,,
,,
,,
,,
,,
,,
,,
,,
,,
,,
,,
,,
,,
,,
,,
,,
,,
,,
,,
,,
,,
,,
,,
,,
,,
,,
,,
,,
,,
,,
,,
,,
,,
,,
,,
,,
,,
,,
,,
,,
,,
,,
,,
,,
,,
,,
,,
,,
,,
,,
,,
,,
,,
,,
,,
,,
,,
,,
,,
,,
,,
,,
,,
,,
,,
,,
,,
,,
,,
,,
,,
,,
,,
,,
,,
,,
,,
,,
,,
,,
,,
,,
,,
,,
,,
,,
,,
,,
,,
,,
,,
,,
,,
,,
,,
,,
,,
,,
,,
,,
,,
,,
,,
,,
,,
,,
,,
,,
,,
,,
,,
,,
,,
,,
,,
,,
,,
,,
,,
,,
,,
,,
,,
,,
,,
,,
,,
,,
,,
,,
,,
,,
,,
,,
,,
,,
,,
,,
,,
,,
,,
,,
,,
,,
,,
,,
,,
,,
,,
,,
,,
,,
,,
,,
,,
,,
,,
,,
,,
,,
,,
,,
,,
,,
,,
,,
,,
,,
,,
,,
,,
,,
,,
,,
,,
,,
,,
,,
,,
,,
,,
,,
,,
,,
,,
,,
,,
,,
,,
,,
,,
,,
,,
,,
,,
,,
,,
,,
,,
,,
,,
,,
,,
,,
,,
,,
,,
,,
,,
,,
,,
,,
,,
,,
,,
,,
,,
,,
,,
,,
,,
,,
,,
,,
,,
,,
,,
,,
,,
,,
,,
,,
,,
,,
,,
,,
,,
,,
,,
,,
,,
,,
,,
,,
,,
,,
,,
,,
,,
,,
,,
,,
,,
,,
,,
,,
,,
,,
,,
,,
,,
,,
,,
,,
,,
,,
,,
,,
,,
,,
,,
,,
,,
,,
,,
,,
,,
,,
,,
,,
,,
,,
,,
,,
,,
,,
,,
,,
,,
,,
,,
,,
,,
,,
,,
,,
,,
,,
,,
,,
,,
,,
,,
,,
,,
,,
,,
,,
,,
,,
,,
,,
,,
,,
,,
,,
,,
,,
,,
,,
,,
,,
,,
,,
,,
,,
,,
,,
,,
,,
,,
,,
,,
,,
,,
,,
,,
,,
,,
,,
,,
,,
,,
,,
,,
,,
,,
,,
,,
,,
,,
,,
,,
,,
,,
,,
,,
,,
,,
,,
,,
,,
,,
,,
,,
,,
,,
,,
,,
,,
,,
,,
,,
,,
,,
,,
,,
